《论语》,子曰：诗三百篇，一言以蔽之，曰：“思无邪
学而第一,。” 
子曰：“学而时习之，不亦悦乎？有朋自远方,子曰：道之以政，齐之以刑，民免而无耻；道
来，不亦乐乎？人不知而不愠，不亦君子乎？,之以德，齐之以礼，有耻且格。 
” ,子曰：吾十有五而志于学，三十而立，四十而
有子曰：“其为人也孝悌而好犯上者，鲜矣。,不惑，五十而知天命，六十而耳顺，七十而从
不好犯上而好作乱者，未之有也。君子务本，,心所欲不逾矩。 
本立而道生。孝悌也者，其为仁之本与？” ,孟懿子问孝。子曰：“无违。”樊迟御，子告
子曰：“巧言令色，鲜矣仁。” ,之曰：“孟孙问孝于我，我对曰无违。”樊迟
曾子曰：吾日三省乎吾身。为人谋而不忠乎？,曰：“何谓也？”子曰：“生，事之以礼，死
与朋友交而不信乎？传不习乎？ ,，葬之以礼，祭之以礼。” 
子曰：道千乘之国，敬事而信，节用而爱人，,孟武伯问孝。子曰：“父母，唯其疾之忧。”
使民以时。 , 
子曰：弟子入则孝，出则悌，谨而信，泛爱众,子游问孝。子曰：“今之孝者，是谓能养，至
而亲仁，行有余力，则以学文。 ,于犬马，皆能有养，不敬，何以别乎？” 
子夏曰：贤贤易色，事父母，能竭其力。事君,子夏问孝。子曰：“色难。有事，弟子服其劳
，能致其身。与朋友交，言而有信。虽曰未学,，有酒食，先生馔，曾是以为孝乎？” 
，吾必谓之学矣。 ,子曰：吾与回言终日，不违如愚，退而省其私
子曰：君子不重则不威，学则不固。主忠信，,，亦足以发。回也不愚。 
无友不如己者，过则勿惮改。 ,子曰：视其所以，观其所由，察其所安，人焉
曾子曰：慎终追远，民德归厚矣。 ,叟哉！人焉叟哉！ 
子禽问于子贡曰：“夫子至于是邦也，必闻其,子曰：温故而知新，可以为师矣。 

政。求之与？抑与之与？”子贡曰：“夫子温,子曰：君子不器。 
良恭俭让,子贡问君子。子曰：“先行其言而后从之。 
以得之。夫子求之也，其诸异乎人之求之与？,子曰：君子周而不比，小人比而不周。 
” ,子曰：学而不思则罔，思而不学则殆。 
子曰：父在，观其志。父没，观其行。三年无,子曰：攻乎异端，斯害也已。 
改于父之道，可谓孝矣。 ,子曰：由，诲汝知之乎！知之为知之，不知为
有子曰：礼之用，和为贵。先王之道斯为美。,不知，
小大由之，有所不行。知和而和，不以礼节之,是知也。 
，亦不可行也。 ,子张学干禄。子曰：“多闻阙疑，慎言其余，
有子曰：信近于义，言可复也。恭近于礼，远,则寡尤。多见阙殆，慎行其余，则寡悔。言寡
耻辱也。因不失其亲，亦可宗也。 ,尤，行寡悔，禄
子曰：君子食无求饱，居无求安。敏于事而慎,在其中矣。 
于言，就有道而正焉。可谓好学也已。 ,哀公问曰：“何为则民服？”孔子对曰：“举
子贡曰：“贫而无谄，富而无骄。何如？”子,直错诸枉，则民服；举枉错诸直，则民不服。
曰：“可也。未若贫而乐，富而好礼者也。”,” 
子贡曰：“诗云：如切如磋，如琢如磨。其斯,季康子问：“使民敬忠以劝，如之何？”子曰
之谓与？”子曰：“赐也，始可与言诗已矣。,：“临之以庄则敬，孝慈则忠，举善而教不能
告诸往而知来者。” ,则劝。” 
子曰：不患人之不己知，患不知人也。 ,或谓孔子曰：“子奚不为政？”子曰：“书云
为政第二,：‘孝乎惟孝，友于兄弟，施於有政。’是亦
子曰：为政以德，譬如北辰，居其所，而众星,为政。奚其为为政！” 
共之。 ,子曰：人而无信，不知其可也。大车无倪，小


车无杌，其何以行之哉！ ,子贡欲去告朔之饩羊。子曰：“赐也，尔爱其
子张问：“十世可知也？”子曰：“殷因于夏,羊，我爱其礼。” 
礼，所损益，可知也。周因于殷礼，所损益，,子曰：“事君尽礼，人以为谄也。” 
可知也。其或继周者，虽百世，可知也。” ,定公问：“君使臣，臣事君，如之何？”孔子
子曰：非其鬼而祭之，谄也。见义不为，无勇,对曰：“君使臣以礼，臣事君以忠。” 
也。 ,子曰：“关雎，乐而不淫，哀而不伤。” 
八佾第三,哀公问社于宰我。宰我对曰：“夏后氏以松，
孔子谓季氏：“八佾舞于庭，是可忍也，孰不,殷人以柏，周人以栗。曰：’使民战栗。’”
可忍也！” ,子闻之曰：“成事不说，遂事不谏，既往不咎
三家者以雍彻。子曰：“相维辟公，天子穆穆,。” 
。奚取于三家之堂！” ,子曰：“管仲之器小哉！”或曰：“管仲俭乎
子曰：“人而不仁，如礼何！人而不仁，如乐,？”曰：“管氏有三归，官事不摄。焉得俭？
何！” ,”“然则管仲知礼乎？”曰：“邦君树塞门，
林放问礼之本。子曰：“大哉问！礼，与其奢,管氏亦树塞门。邦君为两君之好，有反坫，管
也，宁俭，与其易也，宁戚。” ,氏亦有反坫。管氏而知礼，孰不知礼？” 
子曰：“夷狄之有君，不如诸夏之无也。” ,子语鲁太师乐，曰：“乐其可知也。始作，翕
季氏旅于泰山。子谓冉有曰：“汝弗能救与？,如也。从之，纯如也，徼如也，绎如也。以成
”对曰：“不能。”子曰：“呜呼！曾谓泰山,。” 
，不若林放乎！” ,仪封人请见，曰：“君子之至于斯也，吾未尝
子曰：“君子无所争。必也射乎！揖让而升，,不得见也。”从者见之。出曰：“二三子，何
下而饮，其争也君子。” ,患于丧乎？天下无道也久矣，天将以夫子为木
子夏问曰：“‘巧笑倩兮，美目盼兮。’何谓,铎。” 

也？”子曰：“绘事后素。”曰：“礼后乎？,子谓韶：“尽美矣，又尽善也。”谓武：“尽
”子曰：“起予者商也，始可以言诗已矣。”,美矣，未尽善也。” 
 ,子曰：“居上不宽，为礼不敬，临丧不哀。吾
子曰：“夏礼吾能言之，杞不足征也。殷礼吾,何以观之哉！” 
能言之，宋不足征也。文献不足故也。足，则,里仁第四
吾能征之矣。” ,子曰：“里仁为美。择不处仁，焉得知！” 
子曰：“E，自既灌而往者，吾不欲观之矣。,子曰：“不仁者，不可以久处约，不可以长处
” ,乐。仁者安仁，知者利仁。” 
或问E之说。子曰：“不知也。知其说者之于,子曰：“唯仁者能好人，能恶人。” 
天下也，其如示诸斯乎？”指其掌。 ,子曰：“苟志于仁矣，无恶也。” 
祭如在，祭神如神在。子曰：“吾不与祭，如,子曰：“富与贵，是人之所欲也，不以其道得
不祭。” ,之，不处也。贫与贱，是人这所恶也，不以其
王孙贾问曰：“与其媚于奥，宁媚于灶也。何,道得之，不去也。君子去仁，恶乎成名？君子
谓也？”子曰：“不然。获罪于天，无所祷也,无终食之间违仁，造次必于是，颠沛必于是。
。” ,” 
子曰：“周监于二代。郁郁乎文哉，吾从周。,子曰：“我未见好仁者，恶不仁者。好仁者无
” ,以尚之，恶不仁者其为仁矣，不使不仁者加乎
子入太庙，每事问。或曰：“孰谓邹人之子知,其身。有能一日用力于仁矣乎，我未见力不足
礼乎？入太庙，每事问。”子闻之曰：“是礼,者。盖有之矣，我未之见也。” 
也。” ,子曰：“人之过也，各于其党。观过，斯知仁
子曰：“射不主皮，为力不同科，古之道也。,矣！” 
” ,子曰：“朝闻道，夕死可矣。” 


子曰：“士志于道，而耻恶衣恶食者，未足与,！”子路闻之喜。子曰：“由也好勇过我，无
议也。” ,所取材。” 
子曰：“君子之于天下也，无适也，无莫也，,孟武伯问：“子路仁乎？”子曰：“不知也。
义之与比。” ,”又问。子曰：“由也，千乘之国，可使治其
子曰：“君子怀德，小人怀土。君子怀刑，小,赋也。不知其仁也。”“求也何如？”子曰：
人怀惠。” ,“求也，千室之邑，百乘之家，可使为之宰也
子曰：“放于利而行，多怨。” ,。不知其仁也。”“赤也何如？”子曰：“赤
子曰：“能以礼让为国乎，何有。不能以礼让,也，束带立于朝，可使与宾客言
为国，如礼何？” ,也。不知其仁也。” 
子曰：“不患无位，患所以立。不患莫己知，,子谓子贡曰：“汝与回也孰愈？”对曰：“赐
求为可知也。” ,也何敢望回。回也闻一以知十，赐也闻一以知
子曰：“参乎，吾道一以贯之。”曾子曰：“,二。”子曰：“弗如也。吾与汝弗如也。” 
唯。”子出，门人问曰：“何谓也？”曾子曰,宰予旦寝，子曰：“朽木，不可雕也，粪土之
：“夫子之道，忠恕而已矣。” ,墙，不可圬也。于予与何诛？” 
子曰：“君子喻于义，小人喻于利。” ,子曰：“始吾于人也，听其言而信其行，今吾
子曰：“见贤思齐焉，见不贤而内自省也。”,于人也，听其言而观其行。于予与改是。” 
 ,子曰：“吾未见刚者。”或对曰：“申枨。”
子曰：“事父母几谏，见志不从，又敬不违，,子曰：“枨也欲。焉得刚！” 
劳而不怨。” ,子贡曰：“我不欲人之加诸我也，吾亦欲无加
子曰：“父母在，不远游，游必有方。” ,诸人。”子曰：“赐也，非尔所及也。” 
子曰：“三年无改于父之道，可谓孝矣。” ,子贡曰：“夫子之文章，可得而闻也，夫子之
子曰：“父母之年，不可不知也。一则以喜，,言性与天道，不可得而闻也。” 

一则以惧。” ,子路有闻，未之能行，唯恐有闻。 
子曰：“古者言之不出，耻恭之不逮也。” ,子贡问曰：“孔文子何以谓之文也？”子曰：
子曰：“以约失之者鲜矣。” ,“敏而好学，不耻下问，是以谓之文也。” 
子曰：“君子欲讷于言而敏于行。” ,子谓子产：“有君子之道四焉。其行己也恭，
子曰：“德不孤，必有邻。” ,其事上也敬，其养民也惠，其使民也义。” 
子游曰：“事君数，斯辱矣。朋友数，斯疏矣,子曰：“晏平仲善与人交，久而敬之。” 
。” ,子曰：“臧文仲居蔡，山节藻，何如其知也
公冶长第五,。” 
子谓公冶长：“可妻也。虽在缧绁之中，非其,子张问曰：“令尹子文三仕为令尹，无喜色。
罪也。”以其子妻之。子谓南容：“邦有道，,三已之，无愠色。旧令尹之政，必以告新令尹
不废，邦无道，免于刑戮。”以其兄之子妻之,。何如？”子曰：“忠矣！”曰：“仁矣乎？
。 ,”子曰：“未知。焉得仁？” 
子谓子贱：“君子哉若人。鲁无君子者，斯焉,“崔子弑齐君，陈文子有马十乘，弃而违之。
取斯。” ,至于他邦，则曰：‘犹吾大夫崔子也。’违之
子贡问曰：“赐也何如？”子曰：“汝器也。,，至一邦，则又曰：‘犹吾大夫崔子也。’违
”曰：“何器也？”曰：“琏瑚也。” ,之。何如？”子曰：“清矣。”曰：“仁矣乎
或曰：“雍也仁而不佞。”子曰：“焉用佞。,？”曰：“未知。焉得仁？” 
御人以口给，屡憎于人，不知其仁。焉用佞？,季文子三思而后行。子闻之，曰：“再，斯可
” ,矣！” 
子使漆雕开仕。对曰：“吾斯之未能信。”子,子曰：“宁武子，邦有道，则知，邦无道，则
说。 ,愚。其知可及也，其愚不可及也。” 
子曰：“道不行，乘桴浮于海，从我者其由与,子在陈曰：“归与，归与！吾党之小子狂简，


斐然成章，不知所以裁之。” ,也！” 
子曰：“伯夷叔齐，不念旧恶，怨是用希。”,子曰：“贤哉回也！一箪食，一瓢饮，在陋巷
 ,，人不堪其忧，回也不改其乐。贤在回也！”
子曰：“孰谓微生高直？或乞醢焉，乞诸其邻, 
而与之。” ,冉求曰：“非不说子之道，力不足也。”子曰
子曰：“巧言令色，足恭，左丘明耻之，丘亦,：“力不足者，中道而废。今汝画。” 
耻之。匿怨而友其人，左丘明耻之，丘亦耻之,子谓子夏曰：“汝为君子儒，无为小人儒。”
。” , 
颜渊季路侍，子曰：“盍各言尔志？”子路曰,子游为武城宰。子曰：“汝得人焉尔乎？”曰
：“愿车马，衣轻裘，与朋友共，敝之而无憾,：“有澹台明灭者，行不由径，非公事，未尝
。”颜渊曰：“愿无伐善，无施劳。”子路曰,至于偃之室也。” 
：“愿闻子之志。”子曰：“老者安之，朋友,子曰：“孟之反不伐。奔而殿，将入门，策其
信之，少者怀之。” ,马，曰：’非敢后也，马不进也。’” 
子曰：“已矣乎！吾未见能见其过而内自讼者,子曰：“不有祝跎之佞，而有宋朝之美，难乎
也。” ,免于今之世矣。” 
子曰：“十室之邑，必有忠信如丘者焉，不如,子曰：“谁能出不由户，何莫由斯道也！” 
丘之好学也。” ,子曰：“质胜文则野，文胜质则史，文质彬彬
雍也第六,，然后君子。” 
子曰：“雍也可使南面。”仲弓问子桑伯。子,子曰：“人之生也直，罔之生也，幸而免。”
曰：“可也简。”仲弓曰：“居敬而行简，以, 
临其民，不亦可乎？居简而行简，无乃太简乎,子曰：“知之者不如好之者，好之者不如乐之
？”子曰：“雍之言然。” ,者。” 

哀公问：“弟子孰为好学？”孔子对曰：“有,子曰：“中人以上，可以语上也，中人以下，
颜回者好学，不迁怒，不贰过，不幸短命死矣,不可以语上也。” 
！今也则亡，未闻好学者也。” ,樊迟问知。子曰：“务民之义，敬鬼神而远之
子华使于齐，冉子为其母请粟。子曰：“与之,，可谓知矣。”问仁。子曰：“先难而后获，
釜。”请益。曰：“与之庚。”冉子于其粟五,可谓仁矣。” 
秉，子曰：“赤之适齐也，乘肥马，衣轻裘。,子曰：“知者乐水，仁者乐山；知者动，仁者
吾闻之也，君子周急不继富。”原思为之宰，,静；知者乐，仁者寿。” 
与之粟九百，辞。子曰：“毋以与尔邻里乡党,子曰：“齐一变，至于鲁，鲁一变，至于道。
乎？” ,” 
子谓仲弓曰：“犁牛之子锌且角，虽欲勿用，,子曰：“觚不觚，觚哉觚哉！” 
山川其舍诸？” ,宰我问曰：“仁者虽告之曰，井有仁焉，其从
子曰：“回也其心三月不违仁，其余则日月至,之也。”子曰：“何为其然也。君子可逝也，
焉而已矣。” ,不可陷也，可欺也，不可罔也。” 
季康子问：“仲由可使从政也与？”子曰：“,子曰：“君子博学与于文，约之以礼，亦可以
由也果，于从政乎何有！”曰：“赐也可使从,弗畔矣夫。” 
政也与？”曰：“赐也达，于从政乎何有！”,子见南子，子路不说。夫子矢之曰：“予所否
曰：“求也可使从政也与？”曰：“求也艺，,者，天厌之，天厌之！” 
于从政乎何有！” ,子曰：“中庸之为德也，其至矣乎！民鲜久矣
季氏使闵子骞为费宰。闵子骞曰：“善为我辞,。” 
焉。如有复我者，则吾必在汶上矣。” ,子贡曰：“如有博施于民，而能济众，何如？
伯牛有疾，子问之，至牖执其手，曰：“命矣,可谓仁乎？”子曰：“何事于仁，必也圣乎！
夫！斯人也，而有斯疾也！斯人也，而有斯疾,尧舜其犹病诸！夫仁者己欲立而立人，己欲达


而达人。能近取譬，可谓仁之方也已。” ,之，其不善者而改之。” 
述而第七,子曰：“天生德于予，桓雎其如予何？” 
子曰：“述而不作，信而好古，窃比我于老彭,子曰：“二三子，以我为隐乎？吾无隐乎尔，
。” ,吾无行而不与二三子者，是丘也。” 
子曰：“默而识之，学而不厌，诲人不倦，何,子以四教：文、行、忠、信。 
有于我哉！” ,子曰：“圣人，吾不得而见之矣，得见君子者
子曰：“德之不修，学之不讲，闻义不能徙，,斯可矣。”子曰：“善人，吾不得而见之矣，
不善不能改，是吾忧也。” ,得见有恒者，斯可矣。亡而为有，虚而为盈，
子之燕居，申申如也，夭夭如也。 ,约而为泰，难乎有恒矣。” 
子曰：“甚矣，吾衰也久矣！吾不复梦见周公,子曰：“盖有不知而作之者，我无是也。多闻
。” ,则其善者而从之，多见而识之，知之次也。”
子曰：“志于道，据于德，依于仁，游于艺。, 
” ,互乡难与言，童子见，门人惑。子曰：“与其
子曰：“自行束修以上，吾未尝无诲焉。” ,进也，不与其退也。唯何甚。人洁己以进，与
子曰：“不愤不启，不悱不发，举一隅，不以,其洁也，不保其往也。” 
三隅反，则不复也。” ,子曰：“仁远乎哉？我欲仁，斯仁至矣。” 
子食于有丧者之侧，未尝饱也。子于是日哭，,陈司败问：“昭公知礼乎？”孔子曰：“知礼
则不歌。 ,。”孔子退，揖巫马期而进之，曰：“吾闻君
子谓颜渊曰：“用之则行，舍之则藏，唯我与,子不党，君子亦党乎？君取于吴为同姓，谓之
尔有是夫。”子路曰：“子行三军，则谁与？,吴孟子。君而知礼，孰不知礼？”巫马期以告
”子曰：“暴虎冯河，死而无悔者，吾不与也,。子曰：“丘也幸。苟有过，人必知之。” 
。必也临事而惧，好谋而成者也。” ,子与人歌而善，必使反之，而后和之。 

子曰：“富而可求也，虽执鞭之士，吾亦为之,子曰：“文，莫吾犹人也？躬行君子，则吾未
，如不可求，从吾所好。” ,之有得。” 
子之所慎：齐，战，疾。 ,子曰：“若圣与仁，则吾岂敢。抑为之不厌，
子在齐闻韶，三月不知肉味。曰：“不图为乐,诲人不倦，则可谓云尔已矣。”公西华曰：“
之至于斯也。” ,正唯弟子不能学也。” 
冉有曰：“夫子为卫君乎？”子贡曰：“诺，,子疾病，子路请祷。子曰：“有诸？”子路对
吾将问之。”入曰：“伯夷叔齐，何人也？”,曰：“有
曰：“古之贤人也。”曰：“怨乎？”曰：“,之。诔曰：祷尔于上下神祗。”子曰：“丘之
求仁而得仁，又何怨？”出曰：“夫子不为也,祷久矣。” 
。” ,子曰：“奢则不孙，俭则固。与其不孙也，宁
子曰：“饭疏食，饮水，曲肱而枕之，乐亦在,固。” 
其中矣。不义而富且贵，于我如浮云。” ,子曰：“君子坦荡荡，小人长戚戚。” 
子曰：“加我数年，五十以学易，可以无大过,子温而厉，威而不猛，恭而安。 
矣。” ,泰伯第八
子所雅言：诗、书、执礼，皆雅言也。 ,子曰：“泰伯，其可谓至德也已矣。三以天下
叶公问孔子于子路，子路不对。子曰：“汝奚,让，民无得而称焉。” 
不曰：其为人也，发愤忘食，乐以忘忧，不知,子曰：“恭而无礼则劳，慎而无礼则葸，勇而
老之将至云尔。” ,无礼则乱，直而无礼则绞。君子笃于亲，则民
子曰：“我非生而知之者，好古，敏以求之者,兴于仁，故旧不遗，则民不偷。” 
也。” ,曾子有疾，召门弟子曰：“启予足，启予手。
子不语：怪、力、乱、神。 ,诗云：’战战兢兢，如临深渊，如履薄冰。’
子曰：“三人行，必有我师焉，择其善者而从,而今而后，吾知免夫小子。” 


曾子有疾，孟敬子问之，曾子言曰：“鸟之将,洫。禹，吾无间然矣！” 
死，其鸣也哀，人之将死，其言也善。君子所,子罕第九
贵乎道者三：动容貌，斯远暴慢矣；正颜色，,子罕言利，与命与仁。 
斯近信矣；出辞气，斯远鄙悖矣。笾豆之事，,达巷党人曰：“大哉孔子，博学而无所成名。
则有司存。” ,”子闻之，谓门弟子曰：“吾何执，执御乎，
曾子曰：“以能问于不能，以多问于寡，有若,执射乎？吾执御矣。” 
无，实若虚，犯而不校，昔者吾友，尝从事于,子曰：“麻冕，礼也。今也纯，俭，吾从众。
斯矣！” ,拜下，礼也。今拜乎上，泰也。虽违众，吾从
曾子曰：“可以托六尺之孤，可以寄百里之命,下。” 
，临大节而不可夺也，君子人与？君子人也。,子绝四：毋意、毋必、毋固、毋我。 
” ,子畏于匡，曰：“文王既没，文不在兹乎。天
曾子曰：“士不可以不弘毅，任重而道远。仁,之将丧斯文也，后死者不得与于斯文也；天之
以为己任，不亦重乎？死而后已，不亦远乎？,未丧斯文也，匡人其如予何！” 
” ,太宰问于子贡曰：“夫子圣者与？何其多能也
子曰：“兴于诗，立于礼，成于乐。” ,。”子贡曰：“固天纵之将圣，又多能也。”
子曰：“民可使由之，不可使知之。” ,子闻之，曰：“太宰知我乎。吾少也贱，故多
子曰：“好勇疾贫，乱也。人而不仁，疾之已,能鄙事。君子多乎哉？不多也。”牢曰：“子
甚，乱也。” ,云：吾不试，故艺。” 
子曰：“如有周公之才之美，使骄且吝，其余,子曰：“吾有知乎哉？无知也。有鄙夫问于我
不足观也已。” ,，空空如也，我叩其两端而竭焉。” 
子曰：“三年学，不至于谷，不易得也。” ,子曰：“凤鸟不至，河不出图，洛不出书，吾
子曰：“笃信好学，守死善道。危邦不入，乱,已矣夫！” 

邦不居，天下有道则见，无道则隐。邦有道，,子见齐衰者、冕衣裳者与瞽者，见之，虽少必
贫且贱焉，耻也。邦无道，富且贵焉，耻也。,作，过之，必趋。 
” ,颜渊喟然叹曰：“仰之弥高，钻之弥坚，瞻之
子曰：“不在其位，不谋其政。” ,在前，忽焉在后。夫子循循然善诱人，博我以
子曰：“师挚之始，关雎之乱，洋洋乎盈耳哉,文，约我以礼。欲罢不能，既竭吾才，如有所
！” ,立卓尔。遂欲从之，末由也已。” 
子曰：“狂而不直，侗而不愿，倥倥而不信，,子疾病，子路使门人为臣。病闲，曰：“久矣
吾不知之矣。” ,哉，由之行诈也。无臣而为有臣，吾谁欺，欺
子曰：“学如不及，犹恐失之。” ,天乎？且予与其死于臣之手也，无宁死于二三
子曰：“巍巍乎，舜禹之有天下也，而不与焉,子之手乎。且予纵不得大葬，予死于道路乎？
。” ,” 
子曰：“大哉，尧之为君也。巍巍乎，唯天为,子贡曰：“有美玉于斯，温椟而藏诸？求善贾
大，唯尧则之。荡荡乎，民无能名焉。巍巍乎,而沽诸？”子曰：“沽之哉，沽之哉！我待贾
，其有成功也。焕乎，其有文章。” ,者也。” 
舜有臣五人而天下治。武王曰：“予有乱臣十,子欲居九夷。或曰：“陋，如之何？”子曰：
人。”,“君子居之，何陋之有？” 
孔子曰：“才难，不其然乎？唐虞之际，于斯,子曰：“吾自卫反鲁，然后乐正，雅颂各得其
为盛，有妇人焉，九人而已。三分天下有其二,所。” 
，以服事殷，周之德，其可谓至德也已夫！”,子曰：“出则事公卿，入则事父兄，丧事不敢
 ,不勉，不为酒困，何有于我哉？” 
子曰：“禹，吾无间然矣。菲饮食而致孝乎鬼,子在川上曰：“逝者如斯夫，不舍昼夜。” 
神，恶衣服而致美乎黻冕，卑宫室而尽力乎沟,子曰：“吾未见好德如好色者也。” 


子曰：“譬如为山，未成一篑，止，吾止也。,衣狐裘。亵裘长，短右抉。必有寝衣，长一身
譬如平地，虽覆一篑，进，吾往也。” ,有半。狐貉之厚以居。去丧无所不佩。非帷裳
子曰：“语之而不惰者，其回也。” ,，必杀之。羔裘玄冠不以吊。吉月，必朝服而
子谓颜渊曰：“惜乎！吾见其进也，未见其止,朝。 
也。” ,齐，必有明衣。齐必变食，居必迁坐。 
子曰：“苗而不秀者有矣夫，秀而不实者有矣,食不厌精，脍不厌细。食噎而谒，鱼馁而肉败
夫。” ,，不食。色恶，不食。失饪，不食。不时，不
子曰：“后生可畏。焉知来者之不如今也？四,食。割不正，不食。不得其酱，不食。肉虽多
十五十而无闻焉，斯亦不足畏也已。” ,，不使胜食气。惟酒无量，不及乱。沽酒市脯
子曰：“法语之言，能无从乎？改之为贵。巽,不食。不撤姜食。不多食。祭于公，不宿肉。
与之言，能无说乎？绎之为贵。说而不绎，从,祭肉，不出三日，出三日，不食之矣。食不语
而不改，吾未如之何也已矣。” ,，寝不言。虽疏食菜羹瓜祭，必齐如也。 
子曰：“主忠信，毋友不如己者，过则勿惮改,席不正，不坐。 
。” ,乡人饮酒，杖者出，斯出矣。乡人傩，朝服而
子曰：“三军可夺帅也，匹夫不可夺志也。”,立于阼阶。 
 ,问人于他邦，再拜而送之。康子馈药，拜而受
子曰：“衣敝韫袍，与衣狐貉者立，而不耻者,之。曰：“丘未达，不敢尝。” 
，其由也与？不祈不求，何用不臧。”子路终,厩焚，子退朝，曰：“伤人乎？”不问马。 
身诵之。子曰：“是道也，何足以臧？” ,君赐食，必正席先尝之。君赐腥，必熟而荐之
子曰：“岁寒，然后知松柏之后凋也。” ,。君赐生，必畜之。伺食于君，君祭，先饭。
子曰：“知者不惑，仁者不忧，勇者不惧。”,疾，君视之，东首，加朝服拖绅。君命召，不
 ,俟驾行矣。 

子曰：“可与共学，未可与适道；可与适道，,入太庙，每事问。 
未可与立；可与立，未可与权。” ,朋友死，无所归，曰：“于我殡。”朋友之馈
唐棣之华，偏其反而。岂不尔思，是室远而。,，虽车马，非祭肉，不拜。 
子曰：“未之思也。夫何远之有！” ,寝不尸，居不容。见齐衰者，虽狎必变。见冕
乡党第十,者与瞽者，虽亵必以貌。凶服者式之，式负版
孔子于乡党，恂恂如也，似不能言者。其在宗,者。有盛馔，必变色而作。迅雷风烈，必变。
庙朝廷，便便言。唯谨尔。 , 
朝，与下大夫言，侃侃如也，与上大夫言，唁,升车，必正立执绥。车中，不内顾，不疾言，
唁如也。君子，椒错如也，与与如也。 ,不亲指。 
君召使摈，色勃如也，足攫如也。揖所与立，,色斯举矣，翔而后集。曰：“山梁雌雉，时哉
左右手，衣前后，谵如也。趋进，翼如也。宾,时哉！”子路共之，三嗅而作。 
退，必复命，曰：“宾不顾矣。” ,先进第十一
入公门，鞠躬如也，如不容。立不中门，行不,子曰：“先进于礼乐，野人也。后进于礼乐，
履阈。过位，色勃如也，足攫如也，其言似不,君子也。如用之，则吾从先进。” 
足者。摄齐升堂，鞠躬如也，屏气似不息者。,子曰：“从我于陈蔡者，皆不及门也。德行：
出，降一等，逞颜色，怡怡如也。没阶趋，翼,颜渊、闵子骞、冉伯牛、仲弓；言语：宰我、
如也，复其位，椒措如也。 ,子贡；政事：冉有、季路；文学：子游、子夏
执圭，鞠躬如也，如不胜。上如揖，下如授，,。” 
勃如战色，足缩缩，如有循。享礼，有容色。,子曰：“回也，非助我者也。于吾言无所不说
私枧，愉愉如也。 ,。” 
君子不以绀诹饰，红紫不以为亵服。当暑，诊,子曰：“孝哉，闵子骞。人不间于其父母昆弟
浠裕，必表而出之。缁衣羔裘，素衣霓裘，黄,之言。” 


南容三复白圭，孔子以其兄之子妻之。 ,子畏于匡，颜渊后。子曰：“吾以汝为死矣。
季康子问：“弟子孰为好学？”孔子对曰：“,”曰：“子在，回何敢死？” 
有颜回者好学，不幸短命死矣。今也则亡。”,季子然问：“仲由、冉求，可谓大臣与？”子
 ,曰：“吾以子为异之问，曾由与求之问。所谓
颜渊死，颜路请子之车以为之椁。子曰：“才,大臣者，以道事君，不可则止。今由与求也，
不才，亦各言其子也。鲤也死，有棺而无椁。,可谓具臣矣。”曰：“然则从之者与？”子曰
吾不徒行以为之椁。以吾从大夫之后，不可徒,：“弑父与君，亦不从也。” 
行也。” ,子路使子羔为费宰，子曰：“贼夫人之子。”
颜渊死，子曰：“噫！天丧予！天丧予！” ,子路曰：“有民人焉，有社稷焉。何必读书，
颜渊死，子哭之恸。从者曰：“子恸矣。”曰,然后为学。”子曰：“是故恶夫佞者。” 
：“有恸乎？非夫人之为恸而谁为？” ,子路、曾皙、冉有、公西华伺坐，子曰：“以
颜渊死，门人欲厚葬之。子曰：“不可。”门,吾一日长乎尔，毋吾以也。居则曰：不吾知也
人厚葬之。子曰：“回也视予犹父也，予不得,。如或知尔，则何以哉？”子路率尔对曰：“
视犹子也。非我也，夫二三子也。” ,千乘之国，摄乎大国之间，加之以师旅，因之
季路问事鬼神。子曰：“未能事人，焉能事鬼,以饥馑，由也为之，比及三年，可使有勇，且
？”“敢问死？”曰：“未知生，焉知死？”,知方也。”夫子哂之：“求，尔何如？”对曰
 ,：“方六七十，如五六十，求也为之，比及三
闵子伺侧，唁唁如也。子路，行行如也。冉有,年，可使足民。如其礼乐，以俟君子。”“赤
、子贡，侃侃如也。子乐：“若由也，不得其,，尔何如？”对曰：“非曰能之，愿学焉。宗
死然。” ,庙之事，如会同，端章甫，愿为小相焉。”“
鲁人为长府，闵子骞曰：“仍旧贯，如之何？,点，尔何如？”鼓瑟希，铿尔，舍瑟而作，对
何必改作。”子曰：“夫人不言，言必有中。,曰：“异乎三子者之撰。”子曰：“何伤乎？

” ,亦各言其志也。”曰：“暮春者，春服既成，
子曰：“由之瑟，奚为于丘之门？”门人不敬,冠者五六人，童子六七人，浴乎沂，风乎舞雩
子路。子曰：“由也升堂矣，未入于室也。”,，咏而归。”夫子喟然叹曰：“吾与点也。”
 ,三子者出，曾皙后，曾皙曰：“夫三子者之言
子贡问：“师与商也孰贤？”子曰：“师也过,何如？”子曰：“亦各言其志也已矣。”曰：
，商也不及。”曰：“然则师愈与？”子曰：,“夫子何哂由也？”曰：“为国以礼。其言不
“过犹不及。” ,让，是故哂之。”“唯求则非邦也与？”“安
季氏富于周公，而求也为之聚敛而附益之。子,见方六七十如五六十而非邦也者？”“唯赤则
曰：“非吾徒也。小子鸣鼓而攻之可也。” ,非邦也与？”“宗庙会同，非诸侯而何？赤也
柴也愚，参也鲁，师也辟，由也谚。 ,为之小，孰能为之大！” 
子曰：“回也其庶乎。屡空。赐不受命，而货,颜渊第十二
殖焉，亿则屡中。” ,颜渊问仁。子曰：“克己复礼为仁。一日克己
子张问善人之道。子曰：“不践迹，亦不入于,复礼，天下归仁焉。为仁由己，而由人乎哉？
室。” ,”颜渊曰：“请问其目。”子曰：“非礼勿视
子曰：“论笃是与？君子者乎，色庄者乎？”,，非礼勿听，非礼勿言，非礼勿动。”颜渊曰
 ,：“回虽不敏，请事斯语矣。” 
子路问：“闻斯行诸？”子曰：“有父兄在，,仲弓问仁。子曰：“出门如见大宾，使民如承
如之何闻斯行之？”冉有问：“闻斯行诸？”,大祭，己所不欲，勿施于人，在邦无怨，在家
子曰：“闻斯行之。”公西华曰：“由也问闻,无怨。”仲弓曰：“雍虽不敏，请事斯语矣。
斯行诸，子曰有父兄在。求也问闻斯行诸，子,” 
曰闻斯行之。赤也惑，敢问。”子曰：“求也,司马牛问仁。子曰：“仁者其言也仞。”曰：
退，故进之；由也兼人，故退之。” ,“其言也仞，斯谓之仁已乎？”子曰：“为之


难，言之，得无仞乎？” ,季康子患盗，问与孔子。孔子对曰：“苟子之
司马牛问君子。子曰：“君子不忧不惧。”曰,不欲，虽赏之不窃。” 
：“不忧不惧，斯谓之君子已乎？”子曰：“,季康子问政于孔子曰：“如杀无道，以就有道
内省不疚，夫何忧何惧？” ,，何如？”孔子对曰：“子为政，焉用杀。子
司马牛忧曰：“人皆有兄弟，吾独亡。”子夏,欲善，而民善矣。君子之德风，小人之德草，
曰：“商闻之矣，死生有命，富贵在天。君子,草上之风，必偃。” 
敬而无失，与人恭而有礼，四海之内，皆兄弟,子张问：“士何如，斯可谓之达矣。”子曰：
也。君子何患乎无兄弟也。” ,“何哉，尔所谓达者？”子张对曰：“在邦必
子张问明。子曰：“浸润之谮，肤受之诉，不,闻，在家必闻。”子曰：“是闻也，非达也。
行焉，可谓明也已矣。浸润之谮，肤受之诉，,夫达也者，质直而好义，察言而观色，虑以下
不行焉，可谓远也已矣。” ,人。在邦必达，在家必达。夫闻也者，色取仁
子贡问政，子曰：“足食，足兵，民信之矣。,而行违，居之不疑，在邦必闻，在家必闻。”
”子贡曰：“必不得已而去，于斯三者何先？, 
”曰：“去兵。”子贡曰：“必不得已而去，,樊迟从游于舞雩之下，曰：“敢问崇德修慝辨
於斯二者何先？”曰：“去食。自古皆有死，,惑？”子曰：“善哉问。先事后得，非崇德与
民无信不立。” ,？攻其恶，无攻人之恶，非修慝与？一朝之忿
棘子成曰：“君子质而已矣，何以文为？”子,，忘其身以及其亲，非惑与？” 
贡曰：“惜乎，夫子之说君子也。驷不及舌。,樊迟问仁。子曰：“爱人。”问知。子曰：“
文，犹质也；质，犹文也。虎豹之椁，犹犬羊,知人。”樊迟不达，子曰：“举直错诸枉，能
之椁。” ,使枉者直。”樊迟推，见子夏曰：“向也吾见
哀公问与有若曰：“年饥，用不足，如之何？,于夫子而问知，子曰：举直错诸枉，能使枉者
”有若对曰：“合彻乎？”曰：“二，吾犹不,直。何谓也？”子夏曰：“富哉言乎！舜有天

足，如之何其彻也？”对曰：“百姓足，君孰,下，选于众，举皋陶，不仁者远矣。汤有天下
与不足？百姓不足，君孰与足？” ,，选于众，举伊尹，不仁者远矣。”子贡问友
子张问崇德辨惑。子曰：“主忠信，徙义，崇,。子曰：“忠告而善道之，不可则止，无自辱
德也。爱之欲其生，恶之欲其死。既欲其生，,焉。” 
又欲其死，是惑也。诚不以富，以祗以异。”,曾子曰：“君子以文会友，以友辅仁。” 
 ,子路第十三
齐景公问政于孔子。孔子对曰：“君君，臣臣,子路问政。子曰：“先之，劳之。”请益。子
，父父，子子。”公曰：“善哉！信如君不君,曰：“无倦。” 
，臣不臣，父不父，子不子，虽有粟，吾得而,仲弓为季氏宰，问政。子曰：“先有司，赦小
食诸？” ,过，举贤才。”曰：“焉知贤才而举之？”曰
子曰：“片言可以折狱者，其由也与？子路无,：“举尔所知，尔所不知，人其舍诸？” 
宿诺。” ,子路曰：“卫君待子而为政，子将奚先？”子
子曰：“听讼，吾犹人也，必也使无讼乎。”,曰：“必也正名乎。”子路曰：“有是哉，子
 ,之迂也。奚其正？”子曰：“野哉由也。君子
子张问政。子曰：“居之无倦，行之以忠。”,于其所不知，盖阙如也。名不正则言不顺，言
 ,不顺则事不成，事不成则礼乐不兴，礼乐不兴
子曰：“博学于文，约之以礼，亦可以弗畔矣,则刑罚不中，刑罚不中则民无所措手足。故君
夫。” ,子名之必可言也，言之必可行也。君子于其言
子曰：“君子成人之美，不成人之恶。小人反,，无所苟而已矣。” 
是。” ,樊迟请学稼，子曰：“吾不如老农。”请学为
季康子问政于孔子。孔子对曰：“政者正也，,圃，曰：“吾不如老圃。”樊迟出，子曰：“
子帅以正，孰敢不正。” ,小人哉，樊须也。上好礼，则民莫敢不敬；上


好义，则民莫敢不服；上好信，则民莫敢不用,。”曰：“今之从政者何如？”子曰：“噫！
情。夫如是，则四方之民，襁负其子而至矣。,斗屑之人，何足算也。” 
焉用稼？” ,子曰：“不得中行而与之，必也狂狷乎！狂者
子曰：“诵诗三百，授之以政，不达，使于四,进取，狷者有所不为也。” 
方，不能专对，虽多，亦奚以为？” ,子曰：“南人有言曰：人而无恒，不可以作巫
子曰：“其身正，不令而行；其身不正，虽令,医。善夫！”不恒其德，或承之羞。子曰：“
不从。” ,不占而已矣。” 
子曰：“鲁卫之政，兄弟也。” ,子曰：“君子和而不同，小人同而不和。” 
子谓卫公子荆：“善居室，始有，曰苟合矣；,子贡问曰：“乡人皆好之，何如？”子曰：“
少有，曰苟完矣；富有，曰苟美矣。” ,未可也。”“乡人皆恶之，何如？”子曰：“
子适卫，冉有仆，子曰：“庶矣哉。”冉有曰,未可也。不如乡人之善者好之，其不善者恶之
：“既庶矣，又何加焉？”曰：“富之。”曰,。” 
：“既富矣，又何加焉？”曰：“教之。” ,子曰：“君子易事而难说也。说之不以其道，
子曰：“苟有用我者，期月而已可也，三年有,不说也；及其使人也，器之。小人难事而易说
成。” ,也。说之虽不以道，说之；及其使人也，求备
子曰：“善人为邦百年，亦可以胜残去杀矣。,焉。” 
诚哉，是言也。” ,子曰：“君子泰而不骄，小人骄而不泰。” 
子曰：“如有王者，必世而后仁。” ,子曰：“刚毅木讷，近仁。” 
子曰：“苟正其身矣，于从政乎何有？不能正,子路问曰：“何如斯可谓之士矣？”子曰：“
其身，如正人何？” ,切切、缌缌、怡怡如也，可谓士矣。朋友切切
冉子退朝，子曰：“何晏也？”对曰：“有政,缌缌，兄弟怡怡。” 
。”子曰：“其事也如有政，虽不吾以，吾其,子曰：“善人教民七年，亦可以戒戎矣。” 

与闻之。” ,子曰：“以不教民战，是谓弃之。” 
定公问：“一言而可以兴邦，有诸？”孔子对,宪问第十四
曰：“言不可以若是其几也。人之言曰：为君,宪问耻。子曰：“邦有道，谷。邦无道，谷，
难，为臣不易。如知为君之难也，不几乎一言,耻也。” 
而兴邦乎？”曰：“一言而丧邦，有诸？”孔,“克伐怨欲，不行焉，可以为仁矣？”子曰：
子对曰：“言不可以若是其几也。人之言曰：,“可以为难矣。仁，则吾不知也。” 
予无乐乎为君，唯其言而莫予违也。如其善而,子曰：“士而怀居，不足以为士矣。” 
莫之违也，不亦善乎？如不善而莫之违也，不,子曰：“邦有道，危言危行，邦无道，危行言
几乎一言而丧邦乎？” ,孙。” 
叶公问政。子曰：“近者说，远者来。” ,子曰：“有德者必有言，有言者不必有德；仁
子夏为苣父宰，问政。子曰：“无欲速，无见,者必有勇，勇者不必有仁。” 
小利，欲速则不达，见小利则大事不成。” ,南宫适问于孔子曰：“羿善射，鏖荡舟，俱不
叶公语孔子曰：“吾党有直躬者，其父攘羊，,得其死然，禹稷耕稼，而有天下。”夫子不答
而子证之。”孔子曰：“吾党之直者异于是，,。南宫适出，子曰：“君子哉若人，尚德哉若
父为子隐，子为父隐，直在其中矣。” ,人。” 
樊迟问仁。子曰：“居处恭，执事敬，与人忠,子曰：“君子而不仁者有矣夫，未有小人而仁
，虽之夷狄，不可弃也。” ,者也。” 
子贡问曰：“何如斯可谓之士矣？”子曰：“,子曰：“爱之能勿劳乎？忠焉能无诲乎？” 
行己有耻，使于四方，不辱君命，可谓士矣。,子曰：“为命，裨谌草创之，世叔讨论之，行
”曰：“敢问其次。”曰：“宗族称孝焉，乡,人子羽修饰之，东里子产润色之。” 
党称悌焉。”曰：“敢问其次。”曰：“言必,或问子产。子曰：“惠人也。”问子西。曰：
信，行必果，胫胫然小人哉，抑亦可以为次矣,“彼哉彼哉。”问管仲。曰：“人也夺伯氏骈


邑三百，饭疏食，没齿，无怨言。” ,也。”使者出，子曰：“使乎使乎！” 
子曰：“贫而无怨难，富而无骄易。” ,子曰：“不在其位，不谋其政。” 
子曰：“孟公绰，为赵魏老则优，不可以为滕,曾子曰：“君子思不出其位。” 
薛大夫。” ,子曰：“君子耻其言而过其行。” 
子路问成人。子曰：“若臧武仲之知，公绰之,子曰：“君子道者三，我无能焉。仁者不忧，
不欲，卞庄子之勇，冉求之艺，文之以礼乐，,知者不惑，勇者不惧。”子贡曰：“夫子自道
亦可以为成人矣。”曰：“今之成人者何必然,也。” 
。见利思义，见危授命，久要不忘平生之言，,子贡方人，子曰：“赐也贤乎哉，夫我则不暇
亦可以为成人矣。” ,。” 
子问公叔文子于公明贾曰：“信乎夫子不言不,子曰：“不患人之不己知，患其不能也。” 
笑不取乎。”公明贾对曰：“以告者过也，夫,子曰：“不逆诈，不亿不信，抑亦先觉者，是
子时然后言，人不厌其言。乐然后笑，人不厌,贤乎！” 
其笑。义然后取，人不厌其取。”子曰：“其,微生亩谓孔子曰：“丘何为是栖栖者与？无乃
然。岂其然乎！” ,为佞乎？”孔子曰：“非敢为佞也，疾固也。
子曰：“臧武仲，以防求为后于鲁，虽曰不要,” 
君，吾不信也。” ,子曰：“骥不称其力，称其德也。” 
子曰：“晋文公谲而不正，齐桓公正而不谲。,或曰：“以德报怨，何如？”子曰：“何以报
” ,德？以直报怨，以德报德。” 
子路曰：“桓公杀公子纠，召忽死之，管仲不,子曰：“莫我知也夫！”子贡曰：“何为其莫
死。曰：未仁乎？”子曰：“管仲九合诸侯，,知子也？”子曰：“不怨天，不尤人，下学而
不以兵车，管仲之力也。如其仁，如其仁！”,上达，知我者其天乎！” 
 ,公伯寮诉子路于季孙，子服景伯以告曰：“夫

子贡曰：“管仲非仁者与？桓公杀公子纠，不,子固有惑志于公伯寮，吾力犹能肆诸市朝。”
能死，又相之。”子曰：“管仲相桓公，霸诸,子曰：“道之将行也与，命也；道之将废也与
侯，一匡天下，民到于今受其赐。微管仲，吾,，命也。公伯寮其如命何！” 
其披发左衽矣。岂若匹夫匹妇之为谅也，自经,子曰：“贤者辟世，其次辟地，其次辟色，其
于沟渎，而莫之知也。” ,次辟言。” 
公叔文子之臣大夫撰，与文子同升诸公，子闻,子曰：“作者七人矣。” 
之曰：“可以为文矣。” ,子路宿于石门，晨门曰：“奚自？”子路曰：
子言卫灵公之无道也，康子曰：“夫如是，奚,“自孔氏。”曰：“是知其不可而为之者与？
而不丧？”孔子曰：“仲叔圉治宾客，祝砣治,” 
宗庙，王孙贾治军旅，夫如是，奚其丧？” ,子击磬于卫，有荷蒉而过孔氏之门者，曰：“
子曰：“其言之不怍，则为之也难。” ,有心哉，击磬乎？”既而曰：“鄙哉，铿铿乎
陈成子弑简公，孔子沐浴而朝，告于哀公曰：,。莫己知也，斯已而已矣。深则厉，浅则揭。
“陈恒弑其君，请讨之。”公曰：“告夫三子,”子曰：“果哉，末之难矣。” 
。”孔子曰：“以吾从大夫之后，不敢不告也,子张曰：“书云：高宗谅阴，三年不言。何谓
。”君曰：“告夫三子者。”之三子告，不可,也？”子曰：“何必高宗，古之人皆然。君薨
。孔子曰：“以吾从大夫之后，不敢不告也。,，百官总己以听于冢宰，三年。” 
” ,子曰：“上好礼，则民易使也。” 
子路问事君，子曰：“勿欺也，而犯之。” ,子路问君子。子曰：“修己以敬。”曰：“如
子曰：“君子上达，小人下达。” ,斯而已乎？”曰：“修己以安人。”曰：“如
子曰：“古之学者为己，今之学者为人。” ,斯而已乎？”曰：“修己以安百姓。修己以安
遽伯玉使人于孔子，孔子与之坐而问焉，曰：,百姓，尧舜其犹病诸？” 
“夫子何为？”对曰：“夫子欲寡其过而未能,原壤夷俟，子曰：“幼而不孙悌，长而无述焉


，老而不死，是为贼。”以杖叩其胫。 ,子曰：“君子义以为质，礼以行之，孙以出之
阙党童子将命，或问之曰：“益者与？”子曰,，信以成之。君子哉！” 
：“吾见其居于位也，见其与先生并行也，非,子曰：“君子病无能焉，不病人之不己知也。
求益者也，欲速成者也。” ,” 
卫灵公第十五,子曰：“君子疾没世而名不称焉。” 
卫灵公问陈于孔子。孔子对曰：“俎豆之事，,子曰：“君子求诸己，小人求诸人。” 
则尝闻之矣。军旅之事，未之学也。”明日遂,子曰：“君子矜而不争，群而不党。” 
行。在陈绝粮，从者病，莫能兴。子路愠见曰,子曰：“君子不以言举人，不以人废言。” 
：“君子亦有穷乎？”子曰：“君子固穷，小,子贡问曰：“有一言而可以终身行之者乎？”
人穷斯滥矣。” ,子曰：“其恕乎！己所不欲，勿施于人。” 
子曰：“赐也，如以予为多学而识之者与？”,子曰：“吾之于人也，谁毁谁誉。如有所誉者
对曰：“然。非与？”曰：“非也。予一以贯,，其有所试矣。斯民也，三代之所以直道而行
之。” ,也。” 
子曰：“由，知德者鲜矣。” ,子曰：“吾犹及史之阙文也，有马者，借人乘
子曰：“无为而治者，其舜也与？夫何为哉。,之，今亡矣夫！” 
恭己正南面而已矣。” ,子曰：“巧言乱德，小不忍则乱大谋。” 
子张问行。子曰：“言忠信，行笃敬，虽蛮貊,子曰：“众恶之，必察焉；众好之，必察焉。
之邦行矣。言不忠信，行不笃敬，虽州里行乎,” 
哉？立，则见其参于前也；在舆，则见其倚于,子曰：“人能弘道，非道弘人。” 
衡也。夫然后行。”子张书诸绅。 ,子曰：“过而不改，是谓过矣。” 
子曰：“直哉史鱼。邦有道如矢，邦无道如矢,子曰：“吾尝终日不食，终夜不寝，以思，无
。君子哉遽伯玉。邦有道则仕，邦无道则可卷,益，不如学也。” 

而怀之。” ,子曰：“君子谋道不谋食。耕者，馁在其中矣
子曰：“可与言而不与之言，失人；不可与言,；学也，禄在其中矣。君子忧道不忧贫。” 
而与之言，失言。知者不失人，亦不失言。”,子曰：“知及之，仁不能守之，虽得之，必失
 ,之。知及之，仁能守之，不庄以莅之，则民不
子曰：“志士仁人，无求生以害仁，有杀身以,敬。知及之，仁能守之，庄以莅之，动之不以
成仁。” ,礼，未善也。” 
子贡问为仁。子曰：“工欲善其事，必先利其,子曰：“君子不可小知，而可大受也。小人不
器。居是邦也，事其大夫之贤者，友其士之仁,可大受，而可小知也。” 
者。” ,子曰：“民之于仁也，甚于水火。水火，吾见
颜渊问为邦。子曰：“行夏之时，乘殷之辂，,蹈而死者矣，未见蹈仁而死者也。” 
服周之冕，乐则韶舞。放郑声，远佞人。郑声,子曰：“当仁不让于师。” 
淫，佞人殆。” ,子曰：“君子贞而不谅。” 
子曰：“人无远虑，必有近忧。” ,子曰：“事君，敬其事而后其食。” 
子曰：“已矣乎！吾未见好德如好色者也。”,子曰：“道不同，不相为谋。” 
 ,子曰：“辞，达而已矣。” 
子曰：“臧文仲，其窃位者与？知柳下惠之贤,师冕见，及阶，子曰：“阶也。”及席，子曰
，而不与立也。” ,：“席也。”皆坐，子告之曰：“某在斯，某
子曰：“躬自厚而薄则于人，则远怨矣。” ,在斯。”师冕出，子张问曰：“与师言之，道
子曰：“不曰如之何如之何者，吾末如之何也,与？”子曰：“然。固相师之道也。” 
已矣。” ,季氏第十六
子曰：“群居终日，言不及义，好行小慧，难,季氏将伐颛臾，冉有季路见于孔子曰：“季氏
矣哉！” ,将有事于颛臾。”孔子曰：“求，无乃尔是过


与？夫颛臾，昔者先王以为东蒙主，且在邦域,孔子曰：“见善如不及，见不善如探汤。吾见
之中矣，是社稷之臣也，何以伐为？”冉有曰,其人矣，吾闻其语矣。隐居以求其志，行义以
：“夫子欲之，吾二臣者，皆不欲也。”孔子,达其道，吾闻其语矣，吾未见其人也。齐景公
曰：“求，周任有言曰：陈力就列，不能者止,有马千驷，死之日，民无得而称焉。伯夷叔齐
。危而不持，颠而不扶，则将焉用彼相矣。且,，饿于首阳之下，民到于今称之，其斯之谓与
尔言过矣。虎兕出于柙，龟玉毁于椟中，是谁,？” 
之过与？”冉有曰：“今夫颛臾，固而近于费,陈亢问于伯鱼曰：“子亦有异闻乎？”对曰：
，今不取，后世必为子孙忧。”孔子曰：“求,“未也。尝独立，鲤趋而过庭，曰：’学诗乎
，君子疾夫舍曰欲之，而必为之辞。丘也，闻,？’对曰：’未也。’’不学诗，无以言。’
有国有家者，不患寡而患不均，不患贫而患不,鲤退而学诗。他日又独立，鲤趋而过庭，曰：
安，盖均无贫，和无寡，安无倾。夫如是，故,’学礼乎？’对曰：’未也。’’不学礼，无
远人不服，则修文德以来之。既来之，则安之,以立。’鲤退而学礼。闻斯二者。”陈亢退而
。今由与求也，相夫子，远人不服而不能来也,喜曰：“问一得三：闻诗，闻礼，又闻君子之
，邦分崩离析而不能守也，而谋动干戈于邦内,远其子也。” 
，吾恐季孙之忧，不在颛臾，而在萧墙之内也,邦君之妻，君称之曰“夫人”，夫人自称曰“
。” ,小童”，邦人称之曰“君夫人”，称诸异邦曰
孔子曰：“天下有道，则礼乐征伐自天子出；,“寡小君”，异邦人称之亦曰“君夫人”。 
天下无道，则礼乐征伐自诸侯出。子诸侯出，,阳货第十七
盖十世希不失矣。自大夫出，五世希不失矣。,阳货欲见孔子，孔子不见，归孔子豚，孔子时
陪臣执国命，三世希不失矣。天下有道，则政,其亡也而往拜之，遇诸途，谓孔子曰：“来，
不在大夫。天下有道，则庶人不议。” ,予与尔言。曰：怀其宝，而迷其邦。可谓仁乎
孔子曰：“禄之去公室，五世矣。政逮于大夫,？”曰：“不可。”“好从事而亟失时，可谓

，四世矣。故夫三桓之子孙，微矣。” ,知乎？”曰：“不可。”“日月逝矣，岁不我
孔子曰：“益者三友，损者三友。友直，友谅,与。”孔子曰：“诺。吾将仕矣。” 
，友多闻，益矣。友便辟，友善柔，友便佞，,子曰：“性相近也，习相远也。” 
损矣。” ,子曰：“唯上智与下愚不移。” 
孔子曰：“益者三乐，损者三乐。乐节礼乐，,子之武城，闻弦歌之声，夫子莞尔而笑曰：“
乐道人之善，乐多贤友，益矣。乐骄乐，乐佚,割鸡焉用宰牛刀。”子游对曰：“昔者偃也闻
游，乐宴乐，损矣。” ,诸夫子曰：’君子学道则爱人，小人学道则易
孔子曰：“伺于君子有三愆：言未及之而言谓,使也。’”子曰：“二三子，偃之言是也。前
之躁，言及之而不言谓之隐，未见颜色而言谓,言戏之耳。” 
之瞽。” ,公山弗扰以费畔，召，子欲往，子路不说，曰
孔子曰：“君子有三戒：少之时，血气未定，,：“末之也已，何必公山氏之之也！”子曰：
戒之在色；及其壮也，血气方刚，戒之在斗；,“夫召我者岂徒哉！如有用我者，吾其为东周
及其老也，血气既衰，戒之在得。” ,乎！” 
孔子曰：“君子有三畏：畏天命，畏大人，畏,子张问仁于孔子，孔子曰：“能行五者于天下
圣人之言。小人不知天命而不畏也，狎大人，,，为仁矣。”请问之。曰：“恭宽信敏惠。恭
侮圣人之言。” ,则不侮，宽则得众，信则人任焉，敏则有功，
孔子曰：“生而知之者上也，学而知之者次也,惠则足以使人。” 
，困而学之，又其次也。困而不学，民斯为下,佛刖召，子欲往。子路曰：“昔者由也闻诸夫
矣。” ,子曰：亲于其身为不善者，君子不入也。佛刖
孔子曰：“君子有九思：视思明，听思聪，色,以中牟畔，子之往也如之何？”子曰：“然。
思温，貌思恭，言思忠，事思敬，疑思问，忿,有是言也：不曰坚乎，磨而不磷；不曰白乎，
思难，见得思义。” ,涅而不缁。吾其孢瓜也哉？焉能系而不食。”


 ,子路曰：“君子尚勇乎？”子曰：“君子义以
子曰：“由也，汝闻六言六蔽矣乎？”对曰：,为上，君子有勇而无义为乱，小人有勇而无义
“未也。”“居，吾语汝。好仁不好学，其蔽,为盗。” 
也愚；好知不好学，其蔽也荡；好信不好学，,子贡曰：“君子亦有恶乎？”子曰：“有恶。
其蔽也贼；好直不好学，其蔽也绞；好勇不好,恶称人之恶者，恶居下流而讪上者，恶勇而无
学，其蔽也乱；好刚不好学，其蔽也狂。” ,礼者，恶果敢而窒者。”曰：“赐也亦有恶乎
子曰：“小子，何莫学夫诗？诗可以兴，可以,。恶敫以为知者，恶不孙以为勇者，恶讦以为
观，可以群，可以怨。迩之事父，远之事君。,直者。” 
多识于鸟兽草木之名。” ,子曰：“唯女子与小人为难养也。近之则不孙
子谓伯鱼曰：“汝为周南召南矣乎？人而不为,，远之则怨。” 
周南召南，其犹正墙面而立也与？” ,子曰：“年四十而见恶焉，其终也已。” 
子曰：“礼云礼云，玉帛云乎哉？乐云乐云，,微子第十八
钟鼓云乎哉？” ,微子去之，箕子为之奴，比干谏而死。孔子曰
子曰：“色厉而内荏，譬诸小人，其犹穿窬之,：“殷有三仁焉。” 
盗也与？” ,柳下惠为士师，三黜，人曰：“子未可以去乎
子曰：“乡愿，德之贼也。” ,？”曰：“直道而事人，焉往而不三黜；枉道
子曰：“道听而途说，德之弃也。” ,而事人，何必去父母之邦。” 
子曰：“鄙夫，可与事君也与哉？其未得之也,齐景公待孔子，曰：“若季氏则吾不能，以季
，患得之；既得之，患失之。苟患失之，无所,孟之间待之。”曰：“吾老矣，不能用也。”
不至矣。” ,孔子行。 
子曰：“古者民有三疾，今也或是之亡也。古,齐人归女乐，季桓子受之，三日不朝，孔子行
之狂也肆，今之狂也荡；古之矜也廉，今之矜,。 

也忿戾；古之愚也直，今之愚也诈而已矣。”,楚狂接舆歌而过孔子曰：“凤兮凤兮，何德之
 ,衰。往者不可谏，来者犹可追。已而已而，今
子曰：“巧言令色，鲜矣仁。” ,之从政者殆而。”孔子下，欲与之言，趋而避
子曰：“恶紫之夺朱也，恶郑声之乱雅乐也，,之，不得与之言。 
恶利口之覆家邦者。” ,长沮桀溺耦而耕，孔子过之，使子路问津焉。
子曰：“予欲无言。”子贡曰：“子如不言，,长沮曰：“夫执舆者为谁？”子路曰：“为孔
则小子何述焉？”子曰：“天何言哉。四时行,丘。”曰：“是鲁孔丘与？”曰：“是也。”
焉，百物生焉。天何言哉！” ,曰：“是知津矣。”问于桀溺，桀溺曰：“子
孺悲欲见孔子，孔子辞以疾，将命者出户，取,为谁？”曰：“为仲由。”曰：“是鲁孔丘之
瑟而歌，使之闻之。 ,徒与？”对曰：“然。”曰：“滔滔者天下皆
宰我问：“三年之丧，期已久矣。君子三年不,是也，而谁以易之。且而与其从避人之士也，
为礼，礼必坏；三年不为乐，乐必崩。旧谷既,岂若从避世之士哉？”犹而不辍。子路行以告
没，新谷既升，钻燧改火，期可已矣。”子曰,，夫子怃然曰：“鸟兽不可与同群，吾非斯人
：“食夫稻，衣夫锦，于汝安乎？”曰：“安,之徒与而谁与？天下有道，丘不与易也。” 
。”“汝安则为之。夫君子之居丧，食旨不甘,子路从而后，遇丈人，以杖和苕，子路问曰：
，闻乐不乐，居处不安，故不为也。今汝安，,“子见夫子乎？”丈人曰：“四体不勤，五谷
则为之。”宰我出，子曰：“予之不仁也。子,不分，孰为夫子？”植其杖而耘。子路拱而立
生三年，然后免于父母之怀。夫三年之丧，天,，止子路宿，杀鸡为黍而食之，见其二子焉。
下之通丧也。予也有三年之爱于其父母乎？”,明日，子路行以告，子曰：“隐者也。”使子
 ,路反见之，至则行矣。子路曰：“不仕无义。
子曰：“饱食终日，无所用心，焉矣哉！不有,长幼之节，不可废也。君臣之义，如之何其废
博弈者乎，为之犹贤乎已。” ,之。欲洁其身，而乱大伦。君子之仕也，行其


义也，道之不行，已知之矣。” ,传焉，孰后倦焉。譬诸草木，区以别矣。君子
逸民，伯夷、叔齐、虞仲、夷逸、朱张、柳下,之道，焉可诬也。有始有卒者，其惟圣人乎？
惠、少连。子曰：“不降其志，不辱其身，伯,” 
夷、叔齐与？”谓柳下惠、少连：“降志辱身,子夏曰：“仕而优则学，学而优则仕。” 
矣。言中伦，行中虑，其斯而已矣。”谓虞仲,子游曰：“丧致乎哀而止。” 
、夷逸：“隐居放言，身中清，废中权。”“,子游曰：“吾友张也，为难能也，然而未仁。
我则异于是，无可无不可。” ,” 
太师挚适齐，亚饭干适楚，三饭缭适蔡，四饭,曾子曰：“堂堂乎张也，难与并为仁矣。” 
缺适秦，鼓方叔入于河，播鼓武入于汉，少师,曾子曰：“吾闻诸夫子：人未有自致者也，必
阳、击磬襄入于海。 ,也亲丧乎？” 
周公谓鲁公曰：“君子不施其亲，不使大臣怨,曾子曰：“吾闻诸夫子：孟庄子之孝也，其他
乎不以。故旧无大故，则不弃也。无求备于一,可能也，其不改父之臣，与父之政，是难能也
人。” ,。” 
周有八士：伯达、伯适、仲突、仲忽、叔夜、,孟氏使阳肤为士师，问与曾子，曾子曰：“上
叔夏、季随、季娲。 ,失其道，民散久矣。如得其情，则哀矜而勿喜
子张第十九,。” 
子张曰：“士见危致命，见得思义，祭思敬，,子贡曰：“纣之不善，不如是之甚也。是以君
丧思哀，其可已矣。” ,子恶居下流，天下之恶皆归焉。” 
子张曰：“执德不弘，信道不笃，焉能为有，,子贡曰：“君子之过也，如日月之食焉。过也
焉能为亡？” ,，人皆见之；更也，人皆仰之。” 
子夏之门人，问交于子张。子张曰：“子夏云,卫公孙朝问于子贡曰：“仲尼焉学？”子贡曰
何？”对曰：“子夏曰：可者与之，其不可者,：“文武之道，未堕于地，在人。贤者识其大

拒之。”子张曰：“异乎吾所闻。君子尊贤而,者，不贤者识其小者，莫不有文武之道焉，夫
容众，嘉善而矜不能。我之大贤与，于人何所,子焉不学，而亦何常师之有！” 
不容；我之不贤与，人将拒我，如之何其拒人,叔孙武叔语大夫于朝曰：“子贡贤于仲尼。”
也？” ,子服景伯以告子贡，子贡曰：“譬之宫墙。赐
子夏曰：“虽小道，必有可观者焉。致远恐泥,之墙也及肩，窥见室家之好。夫子之墙数仞，
，是以君子不为也。” ,不得其门而入，不见宗庙之美，百官之富。得
子夏曰：“日知其所亡，月无忘其所能，可谓,其门者或寡矣。夫子之云，不亦宜乎？” 
好学也已矣。” ,叔孙武叔毁仲尼，子贡曰：“无以为也。仲尼
子夏曰：“博学而笃志，切问而近思，仁在其,，不可毁也。他人之贤者，丘陵也，犹可逾也
中矣。” ,。仲尼，日月也，无得而逾焉。人虽欲自绝，
子夏曰：“百工居肆以成其事，君子学以致其,其何伤于日月乎？多见其不知量也。” 
道。” ,陈子禽谓子贡曰：“子为恭也，仲尼岂贤与子
子夏曰：“小人之过也必文。” ,乎？”子贡曰：“君子一言以为知，一言以为
子夏曰：“君子有三变：望之俨然，即之也温,不知，言不可不慎也。夫子之不可及也，犹天
，听其言也厉。” ,之不可阶而升也。夫子之得邦家者，所谓立之
子夏曰：“君子信而后劳其民，未信则以为厉,斯立，道之斯行，绥之斯来，勤之斯和。其生
己也。信而后谏，未信则以为谤己也。” ,也荣，其死也哀。如之何其可及也？” 
子夏曰：“大德不逾闲，小德出入，可也。”,尧曰第二十
 ,尧曰：“咨，尔舜，天之历数在尔躬，允执其
子游曰：“子夏之门人小子，当洒扫应对进退,中。四海困穷，天禄永终。”舜亦以命禹，曰
，则可矣。抑末也，本之则无，如之何？”子,：“予小子履，敢用玄牡，敢昭告于皇皇后帝
夏闻之曰：“噫，言游过矣！君子之道，孰先,，有罪不敢赦，帝臣不蔽，简在帝心。朕躬有


罪，无以万方，万方有罪，罪在朕躬。周有大
赉，善人是富。虽有周亲，不如仁人。百姓有
过，在予一人。谨权量，审法度，修废官，四
方之政行焉。兴灭国，继绝世，举逸民，天下
之民归心焉。所重民，食丧祭。宽则得众，信
则民任焉，敏则有功，公则说。” 
子张问于孔子曰：“何如，斯可以从政矣？”
子曰：“尊五美，屏四恶，斯可以从政矣。”
子张曰：“何谓五美？”曰：“君子惠而不费
，劳而不怨，欲而不贪，泰而不骄，威而不猛
。”子张曰：“何谓惠而不费？”子曰：“因
民之所利而利之，斯不亦惠而不费乎？择可劳
而劳之，又谁怨？欲仁得仁，又焉贪？君子无
众寡、无小大、无敢慢，斯不亦泰而不骄乎？
君子正其衣冠，尊其瞻视，俨然人望而畏之，
斯不亦威而不猛乎？”子张曰：“何谓四恶？
”子曰：“不教而杀谓之虐，不戒视成谓之暴
，慢令致期谓之贼，犹之与人也，出纳之吝，
谓之有司。” 
子曰：“不知命，无以为君子；不知礼，无以
立也；不知言，无以知人也。”
